x,Position,Candidate Name,Votes,Votes %,Party,AC
1,1,Nikhil Kumar,"290,009",37.8%,Indian National Congress, AC View
2,2,Sushil Kumar Singh,"282,549",36.8%,Janata Dal (United), AC View
3,3,Raja Ram Singh,"106,888",13.9%,Communist Party Of India (MARXIST-LENINIST) (LIBERATION), AC View
4,4,Jitendra Yadav,"56,418",7.4%,Bahujan Samaj Party, AC View
5,5,Rajiv Ranjan Singh,"6,056",0.8%,Samajwadi Party, AC View
6,6,Sarjoon Paswan,"5,152",0.7%,Independent, AC View
7,7,Aashutosh Kumar Singh,"4,297",0.6%,Independent, AC View
8,8,Ann Kumar,"4,009",0.5%,Apna Dal, AC View
9,9,Raj Balabh Singh,"3,391",0.4%,Shoshit Samaj Dal, AC View
10,10,Rameshwar Singh,"2,482",0.3%,Independent, AC View
11,11,Kamta Paswan,"2,168",0.3%,Independent, AC View
12,12,Uchit Narain Singh,"2,150",0.3%,Independent, AC View
13,13,Indradeo Ram,"1,669",0.2%,Independent, AC View
