x,Position,Candidate Name,Votes,Votes %,Party,AC
1,1,Adsul Anandrao Vithoba,"369,975",48.7%,Shiv Sena, AC View
2,2,Mukul Balkrushna Wasnik,"310,068",40.8%,Indian National Congress, AC View
3,3,Bhimrao Senu Jadhao,"21,197",2.8%,Bharipa Bahujan Mahasangh, AC View
4,4,Kankal Sitaram Keruji,"18,241",2.4%,Bahujan Samaj Party, AC View
5,5,Devidas Piraji Sarkate,"17,455",2.3%,Independent, AC View
6,6,Sau. Anita Parmeshwar Gawai,"8,989",1.2%,Ambedkarist Republican Party, AC View
7,7,Kasture Dipak Parashram,"6,045",0.8%,Independent, AC View
8,8,Ghule Sunita  Sudhakar,"3,631",0.5%,Independent, AC View
9,9,Anandrao Chindhaji Lahane,"3,102",0.4%,Rashtriya Lok Dal, AC View
10,10,Anil Gulabrao Wankhede,"2,561",0.3%,Independent, AC View
