x,Position,Candidate Name,Votes,Votes %,Party,AC
1,1,Ahir Hansraj Gangaram,"366,014",43.6%,Bharatiya Janta Party, AC View
2,2,Naresh Puglia,"306,191",36.4%,Indian National Congress, AC View
3,3,Rajendra Vaidya,"104,416",12.4%,Bahujan Samaj Party, AC View
4,4,Diwakar Gulab Pendam,"26,837",3.2%,Independent, AC View
5,5,Dr. Vasant Rushi Maheshkar (MASRAM),"9,277",1.1%,Bharipa Bahujan Mahasangh, AC View
6,6,Tayara Chhotu Sheikh (PASHA),"8,805",1.0%,Independent, AC View
7,7,Gurudas Kamble Guruji,"5,114",0.6%,Independent, AC View
8,8,Deotale Chandrashekhar Digambar,"4,658",0.6%,Ambedkarist Republican Party, AC View
9,9,Khartad Lomesh Maroti,"3,528",0.4%,Independent, AC View
10,10,Dr. Arun Gopalrao Deshpande,"3,454",0.4%,Independent, AC View
11,11,Nagdeote Seochandra Shalikram,"2,850",0.3%,Prabuddha Republican Party, AC View
