x,Position,Candidate Name,MinSample,Votes,Votes %,Party,AC
1,1,Bhavna Gaur,800,"82,637",56.0%,Aam Aadmi Party,
2,2,Dhram Dev Solanki,800,"51,788",35.1%,Bharatiya Janta Party,
3,3,Madan Mohan,200,"10,529",7.1%,Indian National Congress,
4,4,Ranbir Singh Solanki,200,900,0.6%,Bahujan Samaj Party,
5,5,Dalip Kumar,200,488,0.3%,Communist Party Of India,
6,6,Vinod Kumar Sachan,200,461,0.3%,Independent,
7,7,Sanjay Kumar Singh,200,164,0.1%,Independent,
8,8,Kashi Nath Sah,200,153,0.1%,Independent,
9,9,Shiv Kumar Saxena,200,76,0.1%,Hind Congress Party,
