x,Position,Candidate Name,MinSample,Votes,Votes %,Party,AC
1,1,Ramesh Singh Kushwaha,12600,"40,760",30.0%,Janata Dal (United),
2,2,Asha Devi,12600,"34,669",25.5%,Bharatiya Janta Party,
3,3,Amarjeet Kushwaha,12000,"34,562",25.4%,Communist Party Of India (Marxist-Leninist) (Liberation),
4,4,Shri Niwas Yadav,400,"4,478",3.3%,Independent,
5,5,Brij Bihari Sharma,200,"3,220",2.4%,Independent,
6,6,Rana Pratap Singh,200,"3,162",2.3%,Samajwadi Party,
7,7,Sudhir Kumar Sinha,200,"3,104",2.3%,Independent,
8,8,Vijay Pratap Shahi,200,"2,614",1.9%,Independent,
9,9,Ravi Pandey,200,"2,305",1.7%,National People's Party,
10,10,Udeshavar Kumar Singh,200,"1,731",1.3%,Shiv Sena,
11,11,Rakesh Kumar Pandey,200,786,0.6%,Independent,
12,12,Mahatma Singh,200,728,0.5%,Independent,
13,13,Dharmchand Yadav,200,565,0.4%,Independent,
14,14,Daroga Singh,200,448,0.3%,Jharkhand Mukti Morcha,
15,15,Ramjee Bhai,200,374,0.3%,Rashtriya Samanta Dal,
16,16,Parmanand Gond,200,300,0.2%,Swatantra Samaj Party,
