x,Position,Candidate Name,MinSample,Votes,Votes %,Party,AC
1,1,Akhtarul Islam Shaheen,800,"82,508",54.6%,Rashtriya Janata Dal,
2,2,Renu Kumari,800,"51,428",34.0%,Bharatiya Janta Party,
3,3,Jitandar Chaudhary,200,"3,054",2.0%,Independent,
4,4,Surendra Prasad Singh,200,"2,361",1.6%,Communist Party Of India (Marxist-Leninist) (Liberation),
5,5,Ranjan Kishore Sharma,200,"2,131",1.4%,Independent,
6,6,Subhash Prasad Singh,200,"1,872",1.2%,Shiv Sena,
7,7,Avadhesh Kumar,200,"1,780",1.2%,Independent,
8,8,Allama Shibli Nomani Halami,200,"1,120",0.7%,Bahujan Samaj Party,
9,9,Upendra Sinha,200,870,0.6%,Bahujan Mukti Party,
10,10,Md. Iqbal Firoz,200,554,0.4%,Janta Dal Rashtravadi,
11,11,Subodh Kumar Prasad,200,542,0.4%,Rashtriya Pragati Party,
12,12,Poonam Devi,200,398,0.3%,Samajwadi Party,
13,13,Shad Ahmed,200,389,0.3%,Hind Congress Party,
14,14,Premjeet Kumar,200,381,0.3%,Akhil Bhartiya Mithila Party,
15,15,Vicky Kumar,200,272,0.2%,National Janta Party (Indian),
16,16,Ram Nath Prasad,200,258,0.2%,Garib Janta Dal (Secular),
17,17,Md. Tahir Arman,200,230,0.2%,Naya Daur Party,
