x,Position,Candidate Name,MinSample,Votes,Votes %,Party,AC
1,1,Sharfuddin,139600,"44,576",29.7%,Janata Dal (United),
2,2,Labhali Anand,139600,"44,115",29.4%,Hindustani Awam Morcha (Secular),
3,3,Thakur Ratnakar,1000,"22,309",14.9%,Independent,
4,4,Ajit Kumar Jha,600,"15,891",10.6%,Samajwadi Party,
5,5,Manoj Kumar,200,"3,684",2.5%,Socialist Party (India),
6,6,Manoj Upadhyay,200,"3,418",2.3%,Independent,
7,7,Mo Imamudin,200,"2,906",1.9%,Bahujan Samaj Party,
8,8,Sanjay Kumar,200,"2,834",1.9%,Independent,
9,9,Quamruzzama,200,"2,370",1.6%,Garib Janta Dal (Secular),
10,10,Manisha Devi,200,"2,028",1.4%,Independent,
11,11,Akhilesh Kumar Singh,200,"1,535",1.0%,All India Forward Bloc,
