x,Position,Candidate Name,Votes,Votes %,Party,AC
1,1,Vidya Sagar Singh Nishad,"59,206",42.7%,Janata Dal (United)
2,2,Suresh Ray,"40,390",29.2%,Bharatiya Janta Party
3,3,Anil Kumar Sharma,"9,380",6.8%,Shiv Sena
4,4,Abhay Kumar Singh,"5,946",4.3%,Independent
5,5,Ramprit Paswan,"3,328",2.4%,Communist Party Of India
6,6,Dinesh Kumar Sharma,"2,534",1.8%,Bahujan Samaj Party
7,7,Pranav Kumar Mishra,"2,365",1.7%,Independent
8,8,Sweta Kumari,"1,728",1.3%,Independent
9,9,Munna Sahni,"1,700",1.2%,Independent
10,10,Khalid Tanweer,"1,546",1.1%,Independent
11,11,Sudhir Kumar,"1,431",1.0%,Independent
12,12,Nilotpal Mrinal,"1,360",1.0%,Naya Daur Party
13,13,Suchitra Sinha,"1,138",0.8%,Samras Samaj Party
14,14,Md. Ziaur Rahman,"1,009",0.7%,Janta Dal Rashtravadi
15,15,Balendushekhar Mangalmurty,669,0.5%,Independent
16,16,Baby Kumari,634,0.5%,Sarvajan Kalyan Loktantrik Party
17,17,Ravi Kumar Roy,478,0.4%,Garib Janta Dal (Secular)
18,18,Satyendra Kumar Ray,417,0.3%,Bahujan Mukti Party
