x,Position,Candidate Name,Votes,Votes %,Party,AC
1,1,Nand Kishore Yadav,"88,108",46.9%,Bharatiya Janta Party
2,2,Santosh Mehta,"85,316",45.4%,Rashtriya Janata Dal
3,3,Nandu Kumar,"2,694",1.4%,Shiv Sena
4,4,Virendra Thakur,"1,857",1.0%,Revolutionary Socialist Party
5,5,Anay Kumar Alias Anay Mehta,"1,710",0.9%,Communist Party Of India (Marxist-Leninist) (Liberation)
6,6,Vijay Sah,"1,595",0.9%,Independent
7,7,Arshad Ayub,"1,082",0.6%,Bahujan Samaj Party
8,8,Mithilesh Kumar,"1,019",0.5%,Independent
9,9,Rajendra Mistri,738,0.4%,All India Forward Bloc
10,10,Nandita Raj Lakshmi,448,0.2%,Sarvajan Kalyan Loktantrik Party
11,11,Imranul Hoda,409,0.2%,Samajwadi Party
12,12,Munni Devi,400,0.2%,Krantikari Vikas Dal
13,13,Om Prakash Yadav,329,0.2%,Rastriya Sadabahar Party
14,14,Jitendra Kumar,311,0.2%,Gareeb Aadmi Party
15,15,Irshad Hussain,278,0.2%,Rashtriya Samanta Dal
16,16,Gopi Krishna Kushwaha,277,0.2%,Lok Awaz Dal
