x,Position,Candidate Name,Votes,Votes %,Party,AC
1,1,Saroj Yadav,"65,001",44.3%,Rashtriya Janata Dal
2,2,Aasha Devi,"51,693",35.3%,Bharatiya Janta Party
3,3,Raghvendra Pratap Singh,"13,638",9.3%,Samajwadi Party
4,4,Lalan Yadav,"3,442",2.4%,Communist Party Of India (Marxist-Leninist) (Liberation)
5,5,Sanjay Kumar Singh,"1,820",1.2%,Independent
6,6,Ajay Ray,"1,582",1.1%,Bahujan Samaj Party
7,7,Dr. Anil Kumar Singh,"1,507",1.0%,Hindustan Vikas Dal
8,8,Siyamati Rai,"1,350",0.9%,Independent
9,9,Daya Shankar Singh,"1,288",0.9%,Independent
10,10,Mritunjay Bhardwaj,"1,140",0.8%,Shiv Sena
11,11,Sanjay Kumar Singh,630,0.4%,Revolutionary Socialist Party
12,12,Ashok Kumar Singh,605,0.4%,National Janta Party (Indian)
