x,Position,Candidate Name,Votes,Votes %,Party,AC
1,1,Sitaram Yadav,"71,534",43.6%,Rashtriya Janata Dal
2,2,Arun Shankar Prasad,"60,831",37.0%,Bharatiya Janta Party
3,3,Amiruddin,"7,568",4.6%,Communist Party Of India
4,4,Pursottam Jha,"5,523",3.4%,Independent
5,5,Brajesh Raut,"2,440",1.5%,Independent
6,6,Murari Thakur,"2,281",1.4%,Bahujan Samaj Party
7,7,Ram Kumar Yadav,"1,837",1.1%,Samajwadi Party
8,8,Sonu Kumar Jha,"1,782",1.1%,Independent
9,9,Sudhakar Kumar,"1,657",1.0%,Akhil Bharat Hindu Mahasabha
10,10,Vishwanath Yadav,"1,636",1.0%,Independent
11,11,Amit Kumar Mahto,"1,458",0.9%,Aarakshan Virodhi Party
12,12,Raj Kumar Yadav,"1,144",0.7%,Jan Adhikar Party (Loktantrik)
13,13,Prabhakar Jha,"1,135",0.7%,Akhil Bhartiya Mithila Party
14,14,Anand Mohan,613,0.4%,Bhartiya Mitra Party
15,15,Dinesh Thakur,548,0.3%,All India Forward Bloc
