x,Position,Candidate Name,Votes,Votes %,Party,AC
1,1,Faraz Fatmi,"68,601",47.1%,Rashtriya Janata Dal
2,2,Ashok Kumar Yadav,"60,771",41.8%,Bharatiya Janta Party
3,3,Ram Chandra Sah,"2,176",1.5%,Communist Party Of India
4,4,Md. Faiyaz Khan,"2,001",1.4%,The National Road Map Party Of India
5,5,Chand Babu Rehman,"1,649",1.1%,Nationalist Congress Party
6,6,Vijay Kumar,"1,587",1.1%,Independent
7,7,Prasoon Pankaj,"1,281",0.9%,Bahujan Samaj Party
8,8,Ram Vriksh Paswan,"1,028",0.7%,Independent
9,9,Meera Kumari Jha,890,0.6%,Rashtriya Jankranti Party
10,10,Abdesh Kamti,602,0.4%,Akhil Bhartiya Mithila Party
11,11,Dinesh Kumar Das,529,0.4%,National Janta Party (Indian)
12,12,Ashok Kumar Jha,463,0.3%,Sarvajan Kalyan Loktantrik Party
13,13,Kusheshwar Mahto,436,0.3%,Samajwadi Party
